{
  "categories_list": {
    "featured": [
      "/temperos-diarios?Temperos Diários",
      "/temperos-e-especiarias?Temperos e Especiarias",
      "/para-doces-e-sobremesas?Para Doces e Sobremesas",
      "/para-carnes-e-churrascos?Para Carnes e Churrascos",
      "/para-pratos-salgados?Para Pratos Salgados",
      "/chas-e-infusoes?Chás e Infusões",
      "/funcionais-e-medicinais?Funcionais e Medicinais"
    ],
    "random": 6,
    "full_width": true
  },
  "menu_all_departments": false,
  "centralized_logo": false,
  "marketing_stripe": {
    "text": "Confira nosso Fantástico Colorau feito de Arroz!",
    "link": "/promotion",
    "background": ""
  },
  "alphabetical_order_submenu": false,
  "name_all_departments": "Explorar Todos",
  "search_input": false,
  "desktop_megamenu": true,
  "full_width_submenu": false,
  "contacts_stripe": {
    "pages": [
      {
        "title": "Sobre nós",
        "link": "/pages/sobre-nos"
      },
      {
        "title": "Esta loja é um PWA",
        "link": "/posts/esta-loja-e-um-pwa"
      }
    ],
    "phone_wpp": true,
    "socials": true
  }
}